{
  "objects": [
    {
      "id": "Shipping Container_80f8d0d5-e20f-4b87-a7e2-dd4faf2be00c",
      "model": "Shipping Container.glb",
      "position": {
        "x": -11.730528174069725,
        "y": 0,
        "z": 9.789215995048778
      },
      "rotation": {
        "x": 0,
        "y": 0,
        "z": 0
      },
      "scale": {
        "x": 1,
        "y": 1,
        "z": 1
      }
    },
    {
      "id": "Structure_4f3197df-ad92-4ed3-b4cc-41464fd33320",
      "model": "Structure.glb",
      "position": {
        "x": -10.785215559203028,
        "y": 0,
        "z": 7.030426767896314
      },
      "rotation": {
        "x": 0,
        "y": -180,
        "z": 0
      },
      "scale": {
        "x": 1,
        "y": 1,
        "z": 1
      }
    },
    {
      "id": "Trash Container Open_da4ca286-ff89-4d2d-81e6-626dc7696e9a",
      "model": "Trash Container Open.glb",
      "position": {
        "x": -14.80182992221274,
        "y": 0,
        "z": 10.020825873113989
      },
      "rotation": {
        "x": 0,
        "y": -90,
        "z": 0
      },
      "scale": {
        "x": 1,
        "y": 1,
        "z": 1
      }
    }
  ],
  "metadata": {
    "name": "Demo Map",
    "lastModified": "2025-03-15T04:02:34.936Z"
  }
}